City_ID,City,Lat,Lng,Max Temp,Humidity,Cloudiness,Wind Speed,Country,Date
0,Lagoa,39.05,-27.9833,13.26,71,96,12.6,PT,1675709103
1,Busselton,-33.65,115.3333,19.36,78,84,5.4,AU,1675709103
2,Port Alfred,-33.5906,26.891,22.32,90,95,1.79,ZA,1675709104
3,Vestmannaeyjar,63.4427,-20.2734,1.55,86,75,17.49,IS,1675709060
4,Dargaville,-35.9333,173.8833,17.71,83,61,1.95,NZ,1675709106
5,Pijao,4.3342,-75.7035,23.55,61,75,0.0,CO,1675709106
6,Albany,42.6001,-73.9662,4.65,75,92,0.45,US,1675709027
7,Rikitea,-23.1203,-134.9692,25.8,74,7,3.04,PF,1675708976
8,Coquimbo,-29.9533,-71.3436,20.85,73,75,5.14,CL,1675708958
9,Hobart,-42.8794,147.3294,12.25,81,40,1.03,AU,1675708923
10,Tuktoyaktuk,69.4541,-133.0374,-42.0,66,20,1.03,CA,1675709107
11,Hong Kong,22.2855,114.1577,20.53,90,97,2.68,HK,1675708897
12,Chui,-33.6971,-53.4616,27.97,42,100,4.4,UY,1675709107
13,Vila Franca do Campo,37.7167,-25.4333,14.23,96,100,4.09,PT,1675709108
14,Carnarvon,-24.8667,113.6333,24.43,72,0,8.93,AU,1675709108
15,General Salgado,-20.6483,-50.3606,27.82,66,100,3.0,BR,1675709108
16,Upernavik,72.7868,-56.1549,-23.46,93,100,4.19,GL,1675709109
17,Otradnoye,59.7775,30.8181,-1.97,95,97,2.05,RU,1675709109
18,Terrace,54.5163,-128.6035,1.95,93,100,6.69,CA,1675708987
19,Barrow,71.2906,-156.7887,-21.99,77,100,1.54,US,1675708977
20,Balkanabat,39.5108,54.3671,12.17,39,0,6.95,TM,1675709110
21,Ushuaia,-54.8,-68.3,13.81,67,75,10.29,AR,1675708921
22,Gigmoto,13.7796,124.39,24.64,90,36,2.63,PH,1675709111
23,Hilo,19.7297,-155.09,23.49,99,100,2.06,US,1675708867
24,Vaini,-21.2,-175.2,25.96,73,100,1.05,TO,1675709111
25,Naze,28.3667,129.4833,17.51,89,47,5.87,JP,1675709112
26,Havøysund,70.9963,24.6622,3.13,94,100,17.51,NO,1675709112
27,Bredasdorp,-34.5322,20.0403,21.73,88,94,4.08,ZA,1675709112
28,Punta Arenas,-53.15,-70.9167,18.06,45,75,14.92,CL,1675709113
29,Hasaki,35.7333,140.8333,6.23,51,100,3.14,JP,1675709113
30,Unirea,44.15,23.1833,-2.13,63,9,2.62,RO,1675709114
31,Tiksi,71.6872,128.8694,-35.44,100,85,2.61,RU,1675709114
32,Tasiilaq,65.6145,-37.6368,-9.91,96,49,1.26,GL,1675708998
33,Le Port,-20.9373,55.2919,27.0,79,100,2.93,RE,1675709115
34,Kapaa,22.0752,-159.319,23.18,92,40,6.69,US,1675709115
35,Scarborough,54.2797,-0.4044,4.96,78,95,2.68,GB,1675708951
36,The Valley,18.217,-63.0578,27.92,65,20,8.75,AI,1675709116
37,New Norfolk,-42.7826,147.0587,12.06,60,1,1.34,AU,1675708966
38,‘Ewa Beach,21.3156,-158.0072,24.99,74,40,5.14,US,1675709116
39,Atuona,-9.8,-139.0333,25.8,73,0,6.63,PF,1675709117
40,Gazalkent,41.5581,69.7708,1.37,79,46,3.54,UZ,1675709117
41,Balotra,25.8333,72.2333,19.47,25,0,1.99,IN,1675709118
42,Fukuechō,32.6881,128.8419,11.79,92,100,7.18,JP,1675709118
43,North Platte,41.1239,-100.7654,6.71,70,75,8.49,US,1675709119
44,Puerto Ayora,-0.7393,-90.3518,29.98,84,54,6.26,EC,1675709119
45,Luwuk,-0.9516,122.7875,25.01,81,67,1.41,ID,1675709119
46,Zyryanka,65.75,150.85,-33.52,100,100,1.38,RU,1675709120
47,Chiredzi,-21.05,31.6667,27.68,35,64,3.38,ZW,1675709120
48,Clyde River,70.4692,-68.5914,-33.87,68,20,1.54,CA,1675709120
49,Savannah Bight,16.45,-85.85,26.06,71,6,6.34,HN,1675709121
50,Esperance,-33.8667,121.9,21.77,63,0,1.56,AU,1675709121
51,Umluj,25.0213,37.2685,19.85,45,100,4.32,SA,1675709122
52,Katsuura,35.1333,140.3,10.71,62,100,1.98,JP,1675709124
53,Aksay,47.26,39.87,-4.86,78,100,6.71,RU,1675709124
54,Hermanus,-34.4187,19.2345,23.22,86,19,5.24,ZA,1675709125
55,Sur,22.5667,59.5289,21.83,63,45,1.62,OM,1675709125
56,Dikson,73.5069,80.5464,-23.88,100,100,2.37,RU,1675708876
57,Pochutla,15.7432,-96.4661,29.9,43,0,4.33,MX,1675709126
58,Outlook,51.5001,-107.0513,-3.2,82,6,6.3,CA,1675709126
59,Banepā,27.6298,85.5214,10.18,82,20,1.54,NP,1675709127
60,Asău,46.4333,26.4,-4.29,92,81,2.69,RO,1675709127
61,Inhambane,-23.865,35.3833,24.52,87,97,4.56,MZ,1675709128
62,Jamestown,42.097,-79.2353,-1.1,97,100,2.06,US,1675709128
63,Pringsewu,-5.3582,104.9744,23.08,92,100,0.93,ID,1675709129
64,Opuwo,-18.0607,13.84,22.58,44,100,3.17,NA,1675709129
65,Alexandria,31.2156,29.9553,12.98,71,40,8.23,EG,1675709130
66,Bakchar,57.0186,82.0711,-18.1,100,100,1.03,RU,1675709130
67,Castro,-24.7911,-50.0119,26.47,49,14,1.92,BR,1675708994
68,Flin Flon,54.7682,-101.865,-5.09,68,100,8.75,CA,1675709131
69,Zhangye,38.9342,100.4517,-1.34,27,18,1.39,CN,1675709131
70,Nouadhibou,20.931,-17.0347,19.99,52,0,8.75,MR,1675709132
71,Ouadda,8.0777,22.4007,24.86,15,35,2.57,CF,1675709133
72,Mataura,-46.1927,168.8643,15.75,57,77,4.1,NZ,1675709133
73,Thompson,55.7435,-97.8558,-7.91,86,100,1.03,CA,1675709133
74,Jahānābād,25.2167,84.9833,14.91,44,0,2.2,IN,1675709134
75,Ocós,14.5094,-92.1933,31.1,64,0,4.76,GT,1675709134
76,High Prairie,55.4334,-116.4858,2.43,80,85,6.31,CA,1675709134
77,Lebu,-37.6167,-73.65,18.23,65,0,8.55,CL,1675709041
78,Bluff,-46.6,168.3333,15.79,73,88,7.99,NZ,1675709135
79,Derzhavīnsk,51.1,66.3167,-17.31,99,73,3.15,KZ,1675708905
80,Hengyang,26.8881,112.615,9.06,89,100,2.05,CN,1675709135
81,Arraial do Cabo,-22.9661,-42.0278,30.98,62,20,6.17,BR,1675708907
82,Port Elizabeth,-33.918,25.5701,24.5,88,20,3.13,ZA,1675709136
83,Ilobu,7.8333,4.4833,29.77,48,100,3.41,NG,1675709136
84,Bengkulu,-3.8004,102.2655,24.0,86,100,2.65,ID,1675709136
85,Tromsø,69.6496,18.957,6.01,81,75,13.89,NO,1675708963
86,Acajutla,13.5928,-89.8275,30.93,41,0,3.8,SV,1675709137
87,Guane,22.2025,-84.0875,29.49,49,23,3.2,CU,1675709137
88,George Town,5.4112,100.3354,24.96,94,20,3.09,MY,1675708859
89,Doha,25.2867,51.5333,20.94,83,0,3.6,QA,1675709138
90,Mount Gambier,-37.8333,140.7667,11.96,94,18,2.04,AU,1675709138
91,Whitehorse,60.7161,-135.0538,-2.57,67,20,7.2,CA,1675708942
92,Angoram,-4.0625,144.0661,22.88,99,100,1.04,PG,1675709138
93,Dankov,53.2515,39.1555,-7.31,96,96,2.56,RU,1675709139
94,Qaanaaq,77.484,-69.3632,-26.13,99,100,1.03,GL,1675709139
95,Vao,-22.6667,167.4833,25.89,73,50,6.09,NC,1675709140
96,Longyearbyen,78.2186,15.6401,-0.09,86,100,8.23,SJ,1675709100
97,Flinders,-34.5833,150.8552,21.77,88,100,0.89,AU,1675709140
98,Angoche,-16.2325,39.9086,24.58,91,100,1.07,MZ,1675709140
99,Vardø,70.3705,31.1107,-1.01,93,100,16.46,NO,1675709141
100,Lázaro Cárdenas,17.9583,-102.2,28.49,53,0,3.89,MX,1675709141
101,Luena,-11.7833,19.9167,17.09,94,100,1.78,AO,1675709142
102,Carauari,-4.8828,-66.8958,26.25,89,92,0.99,BR,1675709142
103,Saint Paul Harbor,57.79,-152.4072,0.73,64,0,2.06,US,1675709020
104,Nushki,29.5542,66.0215,11.82,35,0,0.53,PK,1675709089
105,Burgersdorp,-30.9977,26.3286,24.71,40,90,3.36,ZA,1675709143
106,Safi,32.2994,-9.2372,14.16,71,0,2.46,MA,1675709143
107,Progreso,21.2833,-89.6667,27.06,64,23,6.01,MX,1675709103
108,Hithadhoo,-0.6,73.0833,27.35,69,72,4.98,MV,1675709144
109,Beringovskiy,63.05,179.3167,-29.49,96,93,3.96,RU,1675709144
110,Pacific Grove,36.6177,-121.9166,13.27,75,0,4.47,US,1675709145
111,Nikolskoye,59.7035,30.7861,-2.06,95,98,2.09,RU,1675709145
112,Leningradskiy,69.3833,178.4167,-34.46,98,98,3.68,RU,1675709149
113,São Filipe,14.8961,-24.4956,20.87,61,21,7.25,CV,1675709149
114,Olafsvik,64.8945,-23.7142,-0.26,64,96,18.28,IS,1675709149
115,Kirksville,40.1948,-92.5833,15.03,55,0,11.32,US,1675709150
116,Skellefteå,64.7507,20.9528,3.89,98,0,6.17,SE,1675709149
117,Padang,-0.9492,100.3543,25.03,75,100,1.97,ID,1675709150
118,Khatanga,71.9667,102.5,-40.78,100,58,1.63,RU,1675709021
119,Ribeira Grande,38.5167,-28.7,15.22,67,40,11.83,PT,1675709151
120,Zhezkazgan,47.8043,67.7144,-20.66,100,49,2.23,KZ,1675709151
121,Mahébourg,-20.4081,57.7,27.16,78,40,3.09,MU,1675709152
122,Jagraon,30.7833,75.4833,13.14,59,5,3.1,IN,1675709152
123,Laas,46.6166,10.7002,3.49,96,62,1.85,IT,1675709152
124,Mahibadhoo,3.7833,72.9667,27.08,74,100,4.65,MV,1675709153
125,Mil'kovo,54.7167,158.6167,-17.13,97,100,0.74,RU,1675709153
126,Oriximiná,-1.7656,-55.8661,29.9,62,100,0.75,BR,1675709154
127,Dongsheng,39.8161,109.9776,-4.2,39,0,4.1,CN,1675709154
128,Bonavista,48.6499,-53.1147,-3.24,94,100,6.09,CA,1675708980
129,Butaritari,3.0707,172.7902,26.91,82,42,8.25,KI,1675709155
130,Cherskiy,68.75,161.3,-38.53,100,100,2.34,RU,1675709155
131,Taksimo,56.3444,114.8794,-19.45,88,100,1.74,RU,1675709156
132,Tolaga Bay,-38.3667,178.3,18.65,81,6,1.38,NZ,1675709156
133,Zhigansk,66.7697,123.3711,-48.22,100,72,0.15,RU,1675709156
134,Avarua,-21.2078,-159.775,28.03,83,75,5.66,CK,1675709157
135,Rabaul,-4.1967,152.1721,27.15,76,100,2.33,PG,1675709157
136,Tucumcari,35.1717,-103.725,16.64,19,0,10.8,US,1675709157
137,Kalabo,-14.97,22.6814,21.34,83,100,1.65,ZM,1675709158
138,San Patricio,28.017,-97.5169,25.97,56,28,8.65,US,1675709158
139,Tres Arroyos,-38.3739,-60.2798,32.45,26,67,6.37,AR,1675709159
140,Marsh Harbour,26.5412,-77.0636,22.89,62,0,6.78,BS,1675709159
141,Severo-Kuril'sk,50.6789,156.125,-4.03,70,100,3.59,RU,1675709159
142,Dombarovskiy,50.7587,59.5386,-23.48,100,77,0.68,RU,1675709160
143,Tirumullaivāsal,11.2333,79.8333,23.21,79,67,4.01,IN,1675709160
144,Starogard Gdański,53.964,18.5264,0.26,95,17,2.82,PL,1675709160
145,Comodoro Rivadavia,-45.8667,-67.5,21.92,40,0,6.69,AR,1675709156
146,Lorengau,-2.0226,147.2712,26.44,84,100,3.36,PG,1675709161
147,Fortuna,40.5982,-124.1573,9.43,88,0,2.06,US,1675709161
148,Jódar,37.8406,-3.3526,8.73,45,0,0.97,ES,1675709162
149,Belaya Gora,68.5333,146.4167,-31.54,99,100,1.08,RU,1675709162
150,Kruisfontein,-34.0033,24.7314,22.71,92,48,1.55,ZA,1675709163
151,Souillac,-20.5167,57.5167,27.21,78,40,3.09,MU,1675709163
152,Rundu,-17.9333,19.7667,19.58,93,100,3.48,NA,1675709163
153,Abū Zabad,12.35,29.25,24.31,12,11,5.57,SD,1675709164
154,Zarubino,42.63,131.0922,-7.47,81,14,3.77,RU,1675709164
155,Puerto Madryn,-42.7692,-65.0385,25.58,39,86,9.7,AR,1675709165
156,Tura,25.5198,90.2201,14.94,42,0,1.21,IN,1675709165
157,Yellowknife,62.456,-114.3525,-26.71,76,20,2.06,CA,1675708970
158,Matara,5.9485,80.5353,23.87,89,100,1.89,LK,1675709166
159,Geraldton,-28.7667,114.6,19.23,82,75,3.6,AU,1675709166
160,Guaymas,27.9333,-110.9,24.14,31,40,6.17,MX,1675709166
161,Lonār,19.9833,76.5333,22.1,29,0,3.39,IN,1675709167
162,Chingirlau,51.095,54.0814,-18.53,98,91,2.1,KZ,1675708907
163,Baykit,61.67,96.37,-26.35,100,93,1.32,RU,1675709167
164,Biak,-0.9131,122.8766,24.39,80,77,1.46,ID,1675709168
165,Yangi Marg`ilon,40.4272,71.7189,3.4,87,100,2.06,UZ,1675709168
166,Nuevo Casas Grandes,30.4167,-107.9167,20.72,9,0,13.35,MX,1675709162
167,El Cobre,20.0489,-75.9469,28.69,54,40,4.63,CU,1675709170
168,Xinqing,48.2333,129.5,-24.45,100,100,1.24,CN,1675709171
169,Saint-Pierre,-21.3393,55.4781,26.82,78,53,7.2,RE,1675709173
170,Ketchikan,55.3422,-131.6461,4.19,85,81,1.25,US,1675709173
171,Talnakh,69.4865,88.3972,-23.22,98,100,2.3,RU,1675709173
172,Vanimo,-2.6741,141.3028,24.91,90,100,1.99,PG,1675709174
173,Biysk,52.5364,85.2072,-7.73,97,100,0.64,RU,1675709174
174,Constitución,-35.3333,-72.4167,21.73,62,18,6.36,CL,1675709175
175,Cockburn Town,21.4612,-71.1419,26.98,65,40,7.72,TC,1675708963
176,Norman Wells,65.282,-126.8329,-28.98,76,75,1.54,CA,1675708943
177,Karacaköy,41.4029,28.3834,-0.09,87,100,12.92,TR,1675709175
178,Requena,39.4883,-1.1004,2.84,96,100,3.0,ES,1675709176
179,Cape Town,-33.9258,18.4232,22.84,81,20,6.17,ZA,1675709132
180,St Albans,51.75,-0.3333,6.65,74,12,2.06,GB,1675709176
181,Arenápolis,-14.4503,-56.8461,27.0,75,89,2.11,BR,1675709133
182,Ancud,-41.8697,-73.8203,16.95,65,0,3.59,CL,1675709115
183,Bethel,41.3712,-73.414,9.93,58,100,4.63,US,1675709177
184,Gaspé,48.8334,-64.4819,-6.05,79,100,3.09,CA,1675709136
185,Provideniya,64.3833,-173.3,-23.59,97,89,1.97,RU,1675709009
186,Forsytheganj,52.6333,29.7333,-4.04,95,100,3.49,BY,1675709089
187,Nagato,34.3833,131.2,6.7,89,100,2.39,JP,1675709178
188,Madisonville,37.3281,-87.4989,15.12,44,100,1.34,US,1675708900
189,Gemena,3.25,19.7667,26.42,25,95,0.87,CD,1675709179
190,Kiama,-34.6833,150.8667,21.88,89,100,0.45,AU,1675709179
191,Ardakān,32.31,54.0175,11.28,40,100,0.67,IR,1675709179
192,Al Bardīyah,31.7561,25.0865,10.52,75,59,6.18,LY,1675709180
193,Lensk,60.7253,114.9278,-34.57,100,97,0.35,RU,1675708885
194,Novikovo,51.1537,37.8879,-6.3,94,99,3.3,RU,1675709181
195,Pevek,69.7008,170.3133,-37.45,100,100,1.86,RU,1675709181
196,Portland,45.5234,-122.6762,9.07,87,75,4.02,US,1675709015
197,Ossora,59.2353,163.0719,-25.57,93,100,2.08,RU,1675709182
198,Stephenville,32.2207,-98.2023,21.76,58,0,8.75,US,1675709182
199,Nanortalik,60.1432,-45.2371,-10.48,91,100,3.75,GL,1675709183
200,Vitim,59.4511,112.5578,-21.04,99,100,0.69,RU,1675709183
201,Chichihualco,17.6833,-99.65,26.76,29,0,2.27,MX,1675709184
202,Idukki,9.85,76.9667,19.16,70,100,1.32,IN,1675709184
203,Osakarovka,50.565,72.5692,-7.91,96,100,3.69,KZ,1675709185
204,Monrovia,6.3005,-10.7969,27.87,83,89,4.89,LR,1675709185
205,Nantucket,41.2835,-70.0995,9.08,78,100,9.26,US,1675709065
206,Champerico,14.3,-91.9167,33.3,63,10,5.13,GT,1675709186
207,Huangmei,30.1924,116.025,9.73,89,99,1.21,CN,1675709186
208,Allada,6.6655,2.1514,28.42,78,100,4.31,BJ,1675709187
209,Cidreira,-30.1811,-50.2056,25.47,65,29,4.46,BR,1675708949
210,Sterling,39.0062,-77.4286,10.72,55,100,7.72,US,1675708963
211,Huron,41.1501,-82.5499,0.69,76,9,1.13,US,1675709106
212,Saint-Philippe,-21.3585,55.7679,26.77,85,86,5.46,RE,1675709188
213,Umm Hājar,13.2954,19.6966,27.22,12,80,4.97,TD,1675709188
214,Soe,-9.8607,124.284,18.85,96,100,1.64,ID,1675709188
215,Uthai Thani,15.3833,99.55,24.75,65,6,1.95,TH,1675709189
216,Cukai,4.25,103.4167,22.99,92,100,1.94,MY,1675709189
217,Puerto Berrío,6.4916,-74.4033,35.17,41,100,0.87,CO,1675709190
218,East London,-33.0153,27.9116,24.52,88,0,6.69,ZA,1675709190
219,Antofagasta,-23.65,-70.4,23.6,71,30,4.47,CL,1675708981
220,Arrecife,28.963,-13.5477,17.99,52,40,4.12,ES,1675709191
221,Hofn,64.2539,-15.2082,1.01,93,100,2.57,IS,1675708943
222,Kampene,-3.6,26.6667,19.74,99,100,1.78,CD,1675709193
223,Luís Correia,-2.8792,-41.6669,27.84,74,85,5.81,BR,1675709193
224,Mareeba,-17.0,145.4333,24.4,93,31,1.03,AU,1675709193
225,Rio Grande,-32.035,-52.0986,35.06,59,0,6.17,BR,1675709194
226,Yorkton,51.2167,-102.4677,-0.09,86,75,9.77,CA,1675708912
227,Río Gallegos,-51.6226,-69.2181,22.03,43,75,8.75,AR,1675708912
228,Iqaluit,63.7506,-68.5145,-30.15,63,20,4.63,CA,1675709194
229,Caohai,26.8661,104.2841,4.62,87,59,1.64,CN,1675709195
230,Husavik,66.0449,-17.3389,-0.82,74,44,8.21,IS,1675709195
231,Salalah,17.0151,54.0924,24.05,64,0,1.03,OM,1675709196
232,Jalu,29.0331,21.5482,11.83,49,74,4.22,LY,1675709089
233,Airai,-8.9266,125.4092,15.74,93,99,0.63,TL,1675708967
234,Tulum,20.2167,-87.4667,24.96,82,21,2.63,MX,1675708978
235,Grand Gaube,-20.0064,57.6608,27.22,78,100,1.34,MU,1675709196
236,Khakhea,-24.6895,23.494,26.29,44,96,4.31,BW,1675709197
237,Liverpool,53.4106,-2.9779,4.97,78,0,1.54,GB,1675709197
238,Tual,-5.6667,132.75,27.1,78,100,7.09,ID,1675709197
239,Ponta do Sol,32.6667,-17.1,16.35,58,16,3.92,PT,1675709198
240,Praia,14.9215,-23.5087,22.3,49,75,12.86,CV,1675709198
241,Imbituba,-28.24,-48.6703,26.21,66,86,3.31,BR,1675709199
242,Dingli,35.8614,14.3822,7.09,57,20,0.51,MT,1675709199
243,Turukhansk,65.8167,87.9833,-25.81,100,98,1.84,RU,1675709199
244,Fomboni,-12.28,43.7425,28.28,70,100,2.72,KM,1675709200
245,Carballo,43.213,-8.691,10.98,67,0,4.18,ES,1675709200
246,Puerto Nariño,-3.7703,-70.3831,28.04,79,88,0.63,CO,1675709201
247,Agarak,39.2068,46.5446,1.14,91,100,0.82,AM,1675709201
248,Oranjemund,-28.55,16.4333,18.08,97,38,2.63,NA,1675709202
249,Viedma,-40.8135,-62.9967,26.41,28,0,8.77,AR,1675709202
250,São João da Barra,-21.6403,-41.0511,29.05,87,90,2.4,BR,1675709202
251,Plettenberg Bay,-34.0527,23.3716,21.24,95,99,0.89,ZA,1675709203
252,Sechura,-5.5569,-80.8222,29.9,53,75,5.5,PE,1675709203
253,Batticaloa,7.7102,81.6924,25.08,85,100,3.14,LK,1675709203
254,Port Hedland,-20.3167,118.5667,28.03,83,17,2.57,AU,1675709204
255,Taree,-31.9,152.4667,16.23,98,5,1.13,AU,1675709204
256,Adrar,20.5022,-10.0711,20.42,18,53,3.69,MR,1675709205
257,Ostrovnoy,68.0531,39.5131,-4.72,96,100,4.98,RU,1675709205
258,Mackenzie,55.2999,-123.1698,1.12,86,100,6.17,CA,1675709128
259,Sangar,63.9242,127.4739,-46.94,100,77,0.25,RU,1675709172
260,Dulyapino,57.2578,40.8147,-13.16,97,98,0.8,RU,1675709205
261,Melilla,35.2937,-2.9383,14.21,62,0,1.54,ES,1675709206
262,Mar del Plata,-38.0023,-57.5575,23.24,65,0,8.23,AR,1675708974
263,Xichang,27.8964,102.2634,6.63,56,12,1.24,CN,1675709206
264,Mossamedes,-15.1961,12.1522,21.99,79,99,3.53,AO,1675709207
265,Acarí,-15.4311,-74.6158,27.35,72,93,4.3,PE,1675709207
266,Panabá,21.2833,-88.2667,27.32,56,90,3.93,MX,1675709208
267,Khani,41.9563,42.9566,3.76,67,100,2.9,GE,1675709208
268,Seoul,37.5683,126.9778,-1.31,93,20,1.03,KR,1675708813
269,Whithorn,18.2604,-78.0378,27.59,69,87,0.6,JM,1675709208
270,Pangkalanbuun,-2.6833,111.6167,23.2,97,99,1.26,ID,1675709209
271,Berbérati,4.2612,15.7922,25.66,19,33,0.43,CF,1675709209
272,Chokurdakh,70.6333,147.9167,-32.05,98,100,1.75,RU,1675708972
273,Narsaq,60.9167,-46.05,-13.88,67,80,3.6,GL,1675709210
274,Bubaque,11.2833,-15.8333,24.47,68,9,9.71,GW,1675709210
275,Ivanava,52.1451,25.5365,-2.57,71,100,3.75,BY,1675709210
276,Moussoro,13.6408,16.4901,26.12,12,99,5.87,TD,1675709211
277,Ugoofaaru,5.6667,73.0,27.11,75,100,4.31,MV,1675709211
278,Nísia Floresta,-6.0911,-35.2086,30.45,66,36,6.06,BR,1675709211
279,Buala,-8.145,159.5921,25.73,85,99,2.85,SB,1675709212
280,Söderhamn,61.3037,17.0592,-0.58,77,96,2.73,SE,1675709086
281,Barra da Estiva,-13.6261,-41.3269,27.57,34,57,3.71,BR,1675709212
282,Sitka,57.0531,-135.33,2.94,87,100,3.6,US,1675709191
283,Northam,51.0333,-4.2167,5.9,87,33,1.42,GB,1675709214
284,Vostok,46.4856,135.8833,-20.59,98,100,2.14,RU,1675709214
285,Presidencia Roque Sáenz Peña,-26.7852,-60.4388,40.17,15,0,2.0,AR,1675709215
286,Lüderitz,-26.6481,15.1594,18.5,88,15,6.16,NA,1675709218
287,Lufilufi,-13.8745,-171.5986,25.88,78,94,6.8,WS,1675709219
288,Santa Maria,-29.6842,-53.8069,30.61,42,40,3.09,BR,1675709219
289,Mabaruma,8.2,-59.7833,28.0,78,75,4.12,GY,1675709219
290,Maceió,-9.6658,-35.7353,26.69,83,75,3.6,BR,1675709109
291,Kavaratti,10.5669,72.642,27.08,74,38,4.98,IN,1675709220
292,Kitui,-1.367,38.0106,20.31,46,33,2.42,KE,1675709220
293,Port-Gentil,-0.7193,8.7815,27.98,78,20,2.57,GA,1675709221
294,Poum,-20.2333,164.0167,27.36,82,100,7.32,NC,1675709221
295,Fort Nelson,58.8053,-122.7002,-12.81,75,75,0.89,CA,1675709137
296,Oksovskiy,62.6062,39.8984,-12.81,98,88,1.97,RU,1675709221
297,Mezhdurechensk,53.6942,88.0603,-9.84,95,100,1.3,RU,1675709222
298,Torbay,47.6666,-52.7314,3.82,98,100,5.66,CA,1675708944
299,Tecpan,14.7623,-90.9947,17.01,32,0,3.16,GT,1675709222
300,Eatonton,33.3268,-83.3885,18.95,36,0,1.73,US,1675709223
301,San Jerónimo,-11.9472,-75.2829,16.85,52,93,3.24,PE,1675709223
302,Leshukonskoye,64.8989,45.7622,-14.96,96,98,2.31,RU,1675709224
303,Verkhotur'ye,58.8627,60.8054,-21.08,100,100,1.3,RU,1675709225
304,Worcester,42.3334,-71.8328,8.45,59,20,6.26,US,1675709103
305,Vila Velha,-20.3297,-40.2925,28.97,80,20,6.69,BR,1675709225
306,Riyadh,24.6877,46.7219,23.08,39,62,3.93,SA,1675709226
307,Maşyāf,35.0653,36.3406,5.75,85,74,14.81,SY,1675709226
308,Mocajuba,-2.5842,-49.5072,27.19,89,86,0.73,BR,1675709160
309,Soc Trang,9.6033,105.98,23.4,89,93,2.71,VN,1675709227
310,Cabo San Lucas,22.8909,-109.9124,26.95,53,7,0.89,MX,1675709227
311,Carutapera,-1.195,-46.02,27.29,79,93,3.08,BR,1675709228
312,Kiboga,0.9161,31.7742,20.71,43,25,1.5,UG,1675709228
313,Halmăşd,47.15,22.6167,-6.98,84,3,1.07,RO,1675709229
314,Denpasar,-8.65,115.2167,25.81,94,75,5.14,ID,1675709015
315,San Rafael,-34.6177,-68.3301,34.28,15,0,3.39,AR,1675709228
316,Machalí,-34.1833,-70.6667,28.6,45,0,4.63,CL,1675709211
317,Udachny,66.4167,112.4,-33.9,99,99,1.15,RU,1675709230
318,Nova Venécia,-18.7106,-40.4006,33.33,41,0,1.98,BR,1675709230
319,Bartoszyce,54.2535,20.8082,-1.94,90,59,3.13,PL,1675709231
320,Huarmey,-10.0681,-78.1522,24.26,75,79,3.51,PE,1675709231
321,Linhares,-19.3911,-40.0722,32.33,51,3,3.68,BR,1675709232
322,Kirakira,-10.4544,161.9205,26.31,85,99,4.67,SB,1675709232
323,Necochea,-38.5473,-58.7368,23.51,41,6,8.14,AR,1675709233
324,San Quintín,30.4833,-115.95,15.5,52,15,7.6,MX,1675709234
325,Port Macquarie,-31.4333,152.9167,19.38,89,29,1.5,AU,1675709234
326,Sambava,-14.2667,50.1667,24.66,89,100,2.04,MG,1675709235
327,Sorong,-0.8833,131.25,25.75,83,100,2.78,ID,1675709099
328,Rauma,61.1272,21.5113,-3.98,87,95,2.83,FI,1675709235
329,Sistranda,63.7256,8.834,6.98,79,100,9.54,NO,1675709235
330,Muravlenko,63.7898,74.523,-17.64,97,100,2.83,RU,1675709236
331,Chapais,49.7834,-74.8492,-16.12,76,15,1.46,CA,1675709237
332,Sobolevo,54.4299,31.8996,-4.93,98,100,1.26,RU,1675709238
333,Pokhara,28.2333,83.9833,12.62,67,74,1.65,NP,1675709239
334,La Unión,-5.4,-80.75,33.44,37,79,4.87,PE,1675709239
335,Durango,24.8333,-104.8333,23.85,14,4,4.32,MX,1675709004
336,Mladenovac,44.4386,20.6992,-2.31,66,5,2.79,RS,1675709240
337,Bilma,18.6853,12.9164,20.81,13,70,4.49,NE,1675709240
338,Aras,42.5617,-2.356,4.23,56,0,2.06,ES,1675709241
339,Ilulissat,69.2167,-51.1,-19.99,77,75,3.6,GL,1675708959
340,Oktyabr'skoye,43.0645,44.7417,-4.92,92,100,6.0,RU,1675709241
341,San Luis,-33.295,-66.3356,34.99,16,0,2.24,AR,1675708958
342,Aden,12.7794,45.0367,24.38,67,14,4.74,YE,1675709242
343,Fort-Shevchenko,44.5086,50.263,2.4,81,100,8.4,KZ,1675709242
344,Fare,-16.7,-151.0167,27.06,76,0,7.33,PF,1675709243
345,Arlit,18.7369,7.3853,25.28,11,100,5.25,NE,1675709243
346,Copiapó,-27.3667,-70.3333,21.83,37,0,5.54,CL,1675709244
347,Giraltovce,49.114,21.5173,-3.81,95,71,2.44,SK,1675709244
348,Borzya,50.3833,116.5167,-27.29,100,73,0.21,RU,1675709244
349,Batagay-Alyta,67.8006,130.4114,-40.88,96,26,2.03,RU,1675709245
350,Yairipok,24.6667,94.0667,8.71,67,0,0.67,IN,1675709245
351,Ambilobe,-13.2,49.05,22.6,97,96,1.54,MG,1675709246
352,Berdigestyakh,62.0989,126.6992,-46.16,100,100,0.93,RU,1675709246
353,Half Moon Bay,37.4636,-122.4286,13.39,71,0,4.63,US,1675709087
354,Edgewater,28.9889,-80.9023,25.09,55,0,6.17,US,1675709246
355,Petropavlovka,50.6114,105.3196,-21.75,96,61,1.75,RU,1675709247
356,Tumbagaan,5.3656,120.3139,26.01,78,99,0.33,PH,1675709247
357,Abbeville,50.1,1.8333,4.98,84,0,3.04,FR,1675709155
358,Sosnovo-Ozerskoye,52.5249,111.5418,-21.3,99,95,2.4,RU,1675709248
359,Ponta Delgada,37.7333,-25.6667,14.4,94,75,2.06,PT,1675709248
360,Port Lincoln,-34.7333,135.8667,16.66,85,0,6.67,AU,1675709143
361,San Juan,-31.5375,-68.5364,37.31,11,0,5.8,AR,1675709249
362,Pisco,-13.7,-76.2167,27.03,69,0,6.17,PE,1675709220
363,Matam,15.6175,-13.3303,28.98,12,0,4.23,SN,1675709249
364,Ayorou,14.7308,0.9174,29.77,11,80,3.48,NE,1675709250
365,Muros,42.7762,-9.0603,11.58,58,0,5.29,ES,1675709250
366,Mumford,5.2618,-0.759,26.72,87,16,5.58,GH,1675709251
367,Cortez,37.3489,-108.5859,2.61,57,0,4.63,US,1675709251
368,Waingapu,-9.6567,120.2641,25.16,88,100,3.84,ID,1675709252
369,Novobirilyussy,56.9514,90.6661,-23.03,100,100,1.58,RU,1675709252
370,Kahului,20.8947,-156.47,24.91,87,75,5.66,US,1675708996
371,Gore,-46.1028,168.9436,14.21,62,46,3.18,NZ,1675709253
372,Kismayo,-0.3582,42.5454,24.91,86,9,6.85,SO,1675709185
373,Paka,4.6374,103.4368,22.99,100,84,3.09,MY,1675709253
374,St. George's,12.0564,-61.7485,28.82,70,40,11.83,GD,1675709254
375,Vega de Alatorre,20.0333,-96.6333,25.28,70,21,6.45,MX,1675709254
376,Marawi,7.9986,124.2928,19.35,92,100,0.97,PH,1675709254
377,Harper,4.375,-7.7169,26.75,78,94,3.34,LR,1675709255
378,Amalāpuram,16.5833,82.0167,18.84,90,93,0.34,IN,1675709255
379,Khawhai,23.3667,93.1167,4.55,63,0,1.01,IN,1675709255
380,Anadyr,64.75,177.4833,-27.72,75,75,6.0,RU,1675709256
381,Grindavik,63.8424,-22.4338,1.26,60,75,15.95,IS,1675709256
382,Mucurapo,10.6667,-61.5333,29.03,69,100,5.96,TT,1675709256
383,Pavelets,53.7883,39.246,-5.91,96,100,2.46,RU,1675709257
384,Thinadhoo,0.5333,72.9333,27.12,76,100,4.13,MV,1675709257
385,Tilichiki,60.4667,166.1,-32.03,94,22,4.11,RU,1675709258
386,Roald,62.5833,6.1333,9.51,66,75,8.23,NO,1675709258
387,Itzehoe,53.921,9.5153,1.08,98,16,0.45,DE,1675709258
388,East Millcreek,40.7,-111.8105,1.72,88,100,2.06,US,1675709216
389,Bagdarin,54.4333,113.6,-23.22,94,100,1.79,RU,1675709259
390,Shelburne,44.0787,-80.2041,-4.56,87,15,1.51,CA,1675709260
391,Kavieng,-2.5744,150.7967,27.23,79,100,4.58,PG,1675709260
392,Barcelona,41.3888,2.159,10.56,71,75,8.75,ES,1675709193
393,Isangel,-19.55,169.2667,26.43,83,20,2.04,VU,1675709261
394,Notre-Dame-du-Lac,47.6136,-68.7964,-6.74,79,100,3.95,CA,1675709261
395,Alta Floresta,-9.8756,-56.0861,29.9,66,40,2.57,BR,1675709262
396,Saint George,37.1041,-113.5841,8.02,61,0,4.63,US,1675709248
397,Bambous Virieux,-20.3428,57.7575,27.14,78,40,3.09,MU,1675709263
398,Alofi,-19.0595,-169.9187,24.94,94,91,1.54,NU,1675709263
399,Moose Factory,51.2585,-80.6094,-12.0,66,100,6.17,CA,1675709263
400,Guerrero Negro,27.9769,-114.0611,16.4,58,99,11.23,MX,1675709100
401,Kiryat Gat,31.61,34.7642,10.38,100,96,11.77,IL,1675709264
402,Krasnyy Chikoy,50.3643,108.7512,-24.02,100,85,0.89,RU,1675709264
403,Neverkino,52.7854,46.7417,-17.0,99,66,2.14,RU,1675709265
404,Iporá,-16.4419,-51.1178,27.66,64,100,0.94,BR,1675709265
405,Teya,60.3778,92.6267,-23.44,100,100,1.15,RU,1675709266
406,Palana,59.1167,159.9667,-26.73,99,98,3.56,RU,1675708984
407,Winneba,5.3511,-0.6231,26.79,86,20,5.6,GH,1675709266
408,Namatanai,-3.6667,152.4333,25.82,84,95,2.42,PG,1675709267
409,Krasnosel'kup,65.7,82.4667,-24.82,100,100,1.76,RU,1675709267
410,Dunedin,-45.8742,170.5036,17.67,68,1,3.58,NZ,1675709108
411,Tel Aviv-Yafo,32.0805,34.7805,11.1,84,75,7.2,IL,1675709077
412,Selikhino,50.3672,137.4996,-22.67,100,100,1.07,RU,1675709267
413,Blytheville,35.9273,-89.919,17.89,57,0,6.71,US,1675709079
414,Tabas,33.5959,56.9244,12.32,29,97,1.86,IR,1675709268
415,Mormugao,15.4,73.8,23.88,63,100,4.74,IN,1675709268
416,Lima,-12.0432,-77.0282,26.14,65,0,8.23,PE,1675708501
417,Siraha,26.6541,86.2087,14.7,55,0,2.03,NP,1675709269
418,Kushima,31.4583,131.2333,10.63,94,100,6.68,JP,1675709269
419,Bilibino,68.0546,166.4372,-37.29,100,100,0.62,RU,1675709269
420,Thunder Bay,48.4001,-89.3168,-3.01,74,100,4.12,CA,1675709132
421,Kaeo,-35.1,173.7833,16.29,95,19,1.76,NZ,1675709270
422,Hobyo,5.3505,48.5268,24.89,80,4,7.39,SO,1675709270
423,Iquitos,-3.7481,-73.2472,26.02,89,75,7.2,PE,1675709271
424,Caborca,30.5838,-111.101,17.88,22,100,4.37,MX,1675709271
425,Yulara,-25.2406,130.9889,22.79,21,0,3.34,AU,1675709123
426,Dingle,10.9995,122.6711,23.63,92,54,3.2,PH,1675709044
427,Meadow Lake,34.8014,-106.5436,11.59,28,7,6.62,US,1675709272
428,Kudahuvadhoo,2.6708,72.8944,27.24,75,100,3.4,MV,1675709272
429,Coyhaique,-45.5752,-72.0662,19.97,40,0,4.63,CL,1675709127
430,Lakes Entrance,-37.8811,147.981,12.97,91,22,3.03,AU,1675709273
431,Aasiaat,68.7098,-52.8699,-20.31,96,100,3.58,GL,1675709273
432,Arequipa,-16.3989,-71.535,17.04,77,75,4.12,PE,1675709274
433,La Ronge,55.1001,-105.2842,-8.86,73,100,6.17,CA,1675709053
434,Aykhal,66.0,111.5,-36.08,100,99,1.74,RU,1675709274
435,Mariestad,58.7097,13.8237,0.26,97,6,4.23,SE,1675709275
436,Mongo,12.1844,18.693,27.04,14,70,3.09,TD,1675709031
437,Cururupu,-1.8283,-44.8683,28.14,70,88,2.69,BR,1675709275
438,Lavrentiya,65.5833,-171.0,-28.47,90,40,2.21,RU,1675709276
439,Abu Samrah,35.3029,37.1841,6.85,78,85,11.62,SY,1675709276
440,Krasnovishersk,60.4078,57.082,-22.87,100,71,1.33,RU,1675709276
441,Changji,44.0167,87.3167,-6.56,93,100,1.0,CN,1675709151
442,Birjand,32.8663,59.2211,7.26,45,100,8.23,IR,1675709277
443,Mound,44.9366,-93.6661,3.4,73,100,7.6,US,1675709277
444,Dongtai,32.8523,120.3095,6.82,95,100,2.58,CN,1675709278
445,Cao Bang,22.6667,106.25,17.02,99,100,0.65,VN,1675709278
446,São Félix do Xingu,-6.6447,-51.995,30.94,58,47,1.4,BR,1675709163
447,Te Anau,-45.4167,167.7167,13.46,86,98,3.58,NZ,1675709279
448,Verkhoyansk,67.5447,133.385,-47.11,100,86,0.76,RU,1675709279
449,Cayenne,4.9333,-52.3333,27.02,83,75,5.14,GF,1675709023
450,Kamalpur,24.2,91.8333,14.23,55,0,1.02,IN,1675709280
451,Sarapul,56.4763,53.7978,-15.58,98,82,1.92,RU,1675709280
452,Natal,-5.795,-35.2094,30.36,74,75,8.75,BR,1675709106
453,Minden,52.2833,8.9167,1.86,93,3,2.06,DE,1675709280
454,Saskylakh,71.9167,114.0833,-29.43,99,99,1.76,RU,1675709281
455,Gari,59.4307,62.3497,-21.8,100,100,1.4,RU,1675709281
456,Codrington,-38.2667,141.9667,13.6,85,75,2.33,AU,1675709281
457,Rawson,-43.3002,-65.1023,28.07,32,93,10.05,AR,1675709282
458,Mayo,38.8876,-76.5119,11.33,54,100,6.17,US,1675709146
459,Palauig,15.435,119.9045,25.21,79,26,2.07,PH,1675709284
460,Lodja,-3.4833,23.4333,21.98,79,100,1.22,CD,1675709284
461,Yerbogachën,61.2767,108.0108,-24.59,99,98,1.32,RU,1675709285
462,Shenjiamen,29.9576,122.298,9.44,96,100,5.03,CN,1675709286
463,Kulhudhuffushi,6.6221,73.07,26.99,76,100,3.77,MV,1675709286
464,Kaitong,44.8135,123.15,-12.17,66,7,2.49,CN,1675709287
465,Ballina,-28.8667,153.5667,18.9,97,100,0.99,AU,1675709287
466,Biscarrosse,44.3945,-1.1672,4.97,75,0,2.57,FR,1675709287
467,Itarema,-2.9248,-39.9167,27.29,74,100,4.89,BR,1675709288
468,Barreirinhas,-2.7469,-42.8264,27.92,75,100,4.5,BR,1675709288
469,Lékoni,-1.5843,14.2591,26.07,57,44,2.46,GA,1675709289
470,Severnyy,50.677,36.5532,-4.98,85,75,2.0,RU,1675709289
471,Samarai,-10.6167,150.6667,25.53,87,100,4.79,PG,1675709290
472,Selizharovo,56.8519,33.4487,-5.05,97,100,1.6,RU,1675709290
473,Qasigiannguit,68.8193,-51.1922,-19.86,98,100,1.41,GL,1675709291
474,Mayumba,-3.432,10.6554,25.78,80,41,2.31,GA,1675709291
475,Yei,4.095,30.6779,25.89,23,38,1.57,SS,1675709292
476,Yar-Sale,66.8333,70.8333,-24.95,100,99,2.27,RU,1675709292
477,Hudiksvall,61.729,17.1036,-0.61,83,100,2.3,SE,1675709292
478,Nicoya,10.1483,-85.452,33.24,39,0,7.69,CR,1675709208
479,Papetoai,-17.4961,-149.8729,27.77,75,0,6.13,PF,1675709293
480,Sola,-13.8833,167.55,27.46,73,99,2.25,VU,1675709293
481,Puerto Quijarro,-17.7833,-57.7667,30.99,60,93,3.58,BO,1675709294
482,Crotone,39.0851,17.1178,3.97,75,75,4.12,IT,1675709294
483,San Cristobal,7.7669,-72.225,28.1,43,50,2.91,VE,1675709294
484,Jiwani,25.05,61.7417,21.9,69,5,4.16,PK,1675709295
485,Sarakhs,36.5449,61.1577,10.76,35,87,3.49,IR,1675709295
486,Tiznit Province,29.5833,-9.5,11.46,58,7,2.8,MA,1675709296
487,Mukhen,48.1,136.1,-17.37,94,100,2.27,RU,1675709296
488,Treinta y Tres,-33.2333,-54.3833,34.92,16,100,3.82,UY,1675709296
489,Tazovsky,67.4667,78.7,-27.96,100,95,2.56,RU,1675709297
490,Kawanoechō,34.0167,133.5667,5.88,82,100,1.04,JP,1675709297
491,Nyurba,63.2842,118.3319,-38.73,100,99,1.03,RU,1675709298
492,Pemangkat,1.1667,108.9667,25.4,86,100,0.4,ID,1675709124
493,Santa Catarina de Tepehuanes,25.35,-105.7333,23.71,11,3,9.18,MX,1675709299
494,Bandarbeyla,9.4942,50.8122,24.1,76,85,7.62,SO,1675709299
495,Petropavlovsk-Kamchatskiy,53.0452,158.6483,-14.67,72,75,4.0,RU,1675709299
496,San Policarpo,12.1791,125.5072,26.01,81,75,4.72,PH,1675709300
497,Tuatapere,-46.1333,167.6833,15.16,77,80,3.06,NZ,1675709300
498,Thurso,58.5927,-3.5259,8.14,85,36,5.51,GB,1675709300
499,Cariamanga,-4.3333,-79.55,19.43,57,90,1.32,EC,1675709301
500,Port Hardy,50.6996,-127.4199,7.1,93,100,6.69,CA,1675709301
501,Wad Medani,14.4012,33.5199,27.08,12,100,4.87,SD,1675709301
502,Grants,35.1473,-107.8514,3.13,60,100,5.66,US,1675709302
503,Guánica,17.9716,-66.908,30.54,65,0,7.9,PR,1675709302
504,Synya,65.3718,58.0387,-20.85,100,91,2.1,RU,1675709303
505,George,-33.963,22.4617,20.75,100,100,2.57,ZA,1675709303
506,Igrim,63.1906,64.4162,-22.64,100,97,1.61,RU,1675709304
507,Klaksvík,62.2266,-6.589,7.51,92,100,7.41,FO,1675709304
508,Solnechnyy,50.7214,136.6319,-22.79,97,100,1.4,RU,1675709274
509,Borgarnes,64.5383,-21.9206,-0.11,64,100,13.75,IS,1675709306
510,Chimoio,-19.1164,33.4833,24.97,78,75,1.77,MZ,1675709306
511,Lompoc,34.6391,-120.4579,16.68,54,0,3.58,US,1675709245
512,Kidal,18.4411,1.4078,28.41,11,21,4.46,ML,1675709307
513,San Miguel,13.4833,-88.1833,34.78,34,0,3.6,SV,1675709307
514,Dubrovytsya,51.5744,26.565,-2.75,60,100,3.48,UA,1675709309
515,Miguel Pereira,-22.4539,-43.4689,26.69,92,100,1.18,BR,1675709309
516,Mahon,39.8885,4.2658,10.31,87,20,2.06,ES,1675709310
517,Road Town,18.4167,-64.6167,28.05,69,20,5.14,VG,1675709310
518,Shellbrook,53.2168,-106.4011,-2.43,79,7,5.96,CA,1675709016
519,Prykolotne,50.1604,37.3474,-6.87,94,92,4.02,UA,1675709311
520,Guiyang,26.5833,106.7167,8.27,93,100,3.0,CN,1675709311
521,Visby,57.6409,18.296,-0.88,93,0,2.06,SE,1675709312
522,Wuwei,37.9281,102.6414,-1.42,41,5,1.43,CN,1675709312
523,Taitung City,22.7583,121.1444,21.34,86,85,2.39,TW,1675709313
524,Ahipara,-35.1667,173.1667,17.86,86,22,2.88,NZ,1675709136
525,Takoradze,4.8845,-1.7554,27.11,82,60,5.76,GH,1675709074
526,Médéa,36.2642,2.7539,6.16,78,59,1.02,DZ,1675709314
527,Wakkanai,45.4094,141.6739,-5.16,59,100,3.02,JP,1675709314
528,San Ramon,37.7799,-121.978,12.84,72,0,1.54,US,1675709156
529,Minas de Barroterán,27.6333,-101.2833,24.78,27,92,3.97,MX,1675709315
530,Port Blair,11.6667,92.75,26.02,89,40,0.0,IN,1675709202
531,Nome,64.5011,-165.4064,-13.96,72,0,5.14,US,1675709267
532,Port Moresby,-9.4431,147.1797,23.68,94,75,5.14,PG,1675709315
533,Saint-Augustin,51.226,-58.6502,-13.56,72,100,4.24,CA,1675709316
534,Sørland,67.667,12.6934,7.92,91,100,17.18,NO,1675709316
535,Bintulu,3.1667,113.0333,23.23,100,40,1.54,MY,1675709316
536,Sakakah,29.9697,40.2064,13.76,36,0,5.34,SA,1675709192
537,Arrondissement de Dinan,48.4167,-2.25,6.37,67,4,3.51,FR,1675709317
538,Agustin Codazzi,10.0341,-73.2361,33.99,31,86,1.76,CO,1675709317
539,Marabu,4.4148,114.0089,24.08,94,40,2.06,MY,1675709317
540,Tieling,42.2931,123.8414,-6.25,49,100,0.93,CN,1675709318
541,Kjøllefjord,70.9457,27.3465,3.03,93,75,16.98,NO,1675709318
542,Saint Anthony,45.0205,-93.218,3.34,70,0,9.26,US,1675709038
543,Madison,34.7334,-86.5667,18.3,35,0,2.24,US,1675709113
544,Kaitangata,-46.2817,169.8464,12.74,76,8,2.69,NZ,1675709319
545,Sawākin,19.1059,37.3321,24.19,78,72,5.21,SD,1675709319
546,Canto do Buriti,-8.11,-42.9444,30.88,46,100,1.01,BR,1675709319
547,Smoky Lake,54.1169,-112.4686,-1.6,74,99,2.57,CA,1675709320
548,Aitape,-3.1374,142.3475,24.88,91,100,2.14,PG,1675709320
549,Marsá Maţrūḩ,31.3525,27.2453,9.11,93,100,6.69,EG,1675709320
550,Sinnamary,5.3833,-52.95,25.7,87,84,5.45,GF,1675709321
551,Ust'ye,59.6304,39.736,-15.53,99,100,1.85,RU,1675709321
552,Serik,36.9169,31.0989,9.3,64,68,8.1,TR,1675709321
553,Kenai,60.5544,-151.2583,-2.14,93,100,2.57,US,1675709322
554,Kapiri Mposhi,-13.9652,28.6809,18.17,95,100,2.3,ZM,1675709322
555,Tupik,54.4253,119.9327,-33.06,100,100,0.49,RU,1675709323
556,Berlevåg,70.8578,29.0864,2.0,86,100,16.46,NO,1675709031
557,Pilar,-9.5972,-35.9567,25.96,68,100,4.27,BR,1675709323
558,Goundi,9.3627,17.366,30.01,10,32,2.19,TD,1675709323
559,Saldanha,-33.0117,17.9442,19.03,96,71,8.05,ZA,1675709324
560,Okhotsk,59.3833,143.3,-24.04,80,99,4.96,RU,1675709324
561,Santa Cruz de la Sierra,-17.8,-63.1667,30.03,54,40,7.2,BO,1675709324
562,Brigantine,39.4101,-74.3646,12.11,54,75,9.26,US,1675709325
